<application>
  <component name="AppStorage">
    <histories>
      <item value="[Errno 2] No such file or directory" />
      <item value="_io.TextIOWrapper' object has no attribute 'title" />
      <item value="AttributeError: module 'importlib._bootstrap_external' has no attribute '_w_long'" />
      <item value="'module' object is not callable" />
      <item value="Ordered Dict" />
      <item value="roadster" />
      <item value="volkswagen" />
      <item value="volkswagen beetle" />
      <item value="ame 'Car' is not defined" />
      <item value="invalid syntax" />
      <item value="Unresolved reference" />
      <item value="Unresolved reference 'Car'" />
      <item value="No module named 存储个人信息" />
      <item value="'ElectricCar' object has no attribute 'battery'" />
      <item value="'ElectricCar' object has no attribute 'get_descriptive_name'" />
      <item value="ElectricCar' object has no attribute 'get_descriptive_name'" />
      <item value="super() takes at most 2 arguments (3 given)" />
      <item value="descriptor '__init__' requires a 'super' object but received a 'str'" />
      <item value="'ElectricCar' object has no attribute 'get_descriptive_name" />
      <item value="print(my tesla.get descriptive name())" />
      <item value="Kuangwenhua hello nice to meet you!" />
      <item value="匡文华,你好,见到你很高兴!" />
      <item value="hello Kuangwenhua nice to meet you!" />
      <item value="hello Kuangwenhua nice to meet you" />
      <item value="my car.add mileage(f&quot;{k}&quot;)" />
      <item value="can only concatenate str (not &quot;int&quot;) to str" />
      <item value="The base class of the class hierarchy" />
      <item value="In word 'Mail Merge'" />
      <item value="In word 'Milmeag'" />
      <item value="里程" />
      <item value="odmeter" />
      <item value="snip" />
      <item value="The Gongfu restaurant is open from Monday to Friday" />
      <item value="Gongfu restaurant cuisine type is Chineseflavor." />
      <item value="Gongfu cuisine_type is Chinese." />
      <item value="can only concatenate str (not &quot;set&quot;) to str" />
      <item value="Any" />
      <item value="init" />
      <item value="打滚" />
      <item value="self)" />
      <item value="save_message() takes 3 positional arguments but 5 were given" />
      <item value="content" />
      <item value="ot enough arguments for format string" />
      <item value="enumerate" />
      <item value="SyntaxError: invalid syntax" />
      <item value="ry to run this command from the system terminal. Make sure that you use the correct version of 'pip' installed for your Python interpreter located at 'E:\Python\python.exe'." />
      <item value="'set' object does not support item assignment" />
      <item value="list assignment index out of range" />
      <item value="subscriptable" />
      <item value="'set' object is not subscriptable" />
    </histories>
    <option name="languageScores">
      <map>
        <entry key="CHINESE" value="46" />
        <entry key="ENGLISH" value="47" />
        <entry key="ROMANIAN" value="1" />
      </map>
    </option>
  </component>
  <component name="Settings">
    <option name="baiduTranslateSettings">
      <app-key>
        <option name="appId" value="20200615000495680" />
      </app-key>
    </option>
    <option name="ignoreRegExp" value="" />
  </component>
</application>